;"USA";"Australia";"UK";"Hong Kong";"Japan";"Israel";"China";"India";"Korea";"Brasil";"Russia"
31.12.1969;100;100;100;100;100;-1;-1;-1;-1;-1;-1
30.01.1970;92,592;96,743;99,069;105,158;98,135;-1;-1;-1;-1;-1;-1
27.02.1970;97,527;95,515;93,564;112,226;99,057;-1;-1;-1;-1;-1;-1
31.03.1970;97,829;95,075;95,651;116,391;102,793;-1;-1;-1;-1;-1;-1
30.04.1970;89,088;84,313;85,666;116,488;90,061;-1;-1;-1;-1;-1;-1
29.05.1970;83,789;78,733;81,149;112,89;87,377;-1;-1;-1;-1;-1;-1
30.06.1970;80,099;88,785;84,601;117,959;88,687;-1;-1;-1;-1;-1;-1
31.07.1970;85,851;91,499;87,533;126,103;88,586;-1;-1;-1;-1;-1;-1
31.08.1970;89,109;90,662;87,108;131,03;87,343;-1;-1;-1;-1;-1;-1
30.09.1970;91,875;90,656;91,989;128,427;86,037;-1;-1;-1;-1;-1;-1
30.10.1970;90,95;82,215;91,557;124,276;86,845;-1;-1;-1;-1;-1;-1
30.11.1970;95,67;78,062;85,076;129,532;84,039;-1;-1;-1;-1;-1;-1
31.12.1970;100,927;78,896;90,171;138,801;84,422;-1;-1;-1;-1;-1;-1
29.01.1971;105,338;76,975;90,221;145,166;88,749;-1;-1;-1;-1;-1;-1
26.02.1971;106,18;75,4;88,342;137,665;92,537;-1;-1;-1;-1;-1;-1
31.03.1971;110,272;79,422;95,724;138,105;99,89;-1;-1;-1;-1;-1;-1
30.04.1971;114,333;76,395;106,114;148,416;104,778;-1;-1;-1;-1;-1;-1
31.05.1971;109,661;74,116;109,808;160,237;103,75;-1;-1;-1;-1;-1;-1
30.06.1971;110,183;74,664;111,481;194,154;113,393;-1;-1;-1;-1;-1;-1
30.07.1971;106,03;71,551;118,75;191,666;113,646;-1;-1;-1;-1;-1;-1
31.08.1971;110,172;68,99;120,159;226,984;105,824;-1;-1;-1;-1;-1;-1
30.09.1971;108,577;62,037;120,061;239,793;109,023;-1;-1;-1;-1;-1;-1
29.10.1971;104,476;62,188;116,73;233,06;104,432;-1;-1;-1;-1;-1;-1
30.11.1971;104,682;61,12;119,552;177,152;111,398;-1;-1;-1;-1;-1;-1
31.12.1971;111,027;75,197;128,619;216,607;125,416;-1;-1;-1;-1;-1;-1
31.01.1972;113,067;72,708;135,48;214,066;135,098;-1;-1;-1;-1;-1;-1
29.02.1972;116,038;80,027;143,528;221,527;147,084;-1;-1;-1;-1;-1;-1
31.03.1972;117,65;82,555;143,712;231,995;154,375;-1;-1;-1;-1;-1;-1
28.04.1972;117,641;80,83;148,028;258,97;162,135;-1;-1;-1;-1;-1;-1
31.05.1972;117,322;84,216;144,88;281,521;175,51;-1;-1;-1;-1;-1;-1
30.06.1972;115,029;86,366;131,316;295,973;182,196;-1;-1;-1;-1;-1;-1
31.07.1972;114,189;81,37;138,483;321,875;197,434;-1;-1;-1;-1;-1;-1
31.08.1972;118,164;81,753;139,106;296,103;201,994;-1;-1;-1;-1;-1;-1
29.09.1972;118,165;79,041;123,612;322,753;210,842;-1;-1;-1;-1;-1;-1
31.10.1972;119,508;83,749;123,038;414,095;217,308;-1;-1;-1;-1;-1;-1
30.11.1972;123,924;86,284;131,483;435,579;255,671;-1;-1;-1;-1;-1;-1
29.12.1972;125,796;88,549;129,341;556,862;277,376;-1;-1;-1;-1;-1;-1
31.01.1973;122,627;91,343;120,854;650,866;281,705;-1;-1;-1;-1;-1;-1
28.02.1973;116,731;92,211;122,285;1221,477;305,088;-1;-1;-1;-1;-1;-1
30.03.1973;115,18;91,909;121,904;964,173;305,443;-1;-1;-1;-1;-1;-1
30.04.1973;110,582;85,969;123,092;556,938;271,227;-1;-1;-1;-1;-1;-1
31.05.1973;108,675;92,969;126,683;567,829;277,834;-1;-1;-1;-1;-1;-1
29.06.1973;108,663;90,543;125,845;481,029;282,356;-1;-1;-1;-1;-1;-1
31.07.1973;112,758;92,085;116,346;531,557;299,083;-1;-1;-1;-1;-1;-1
31.08.1973;108,823;81,833;109,663;455,396;284,534;-1;-1;-1;-1;-1;-1
28.09.1973;112,524;79,106;111,152;408,124;268,81;-1;-1;-1;-1;-1;-1
31.10.1973;112,818;83,538;114,867;470,378;267,037;-1;-1;-1;-1;-1;-1
30.11.1973;100,662;76,222;97,521;398,385;229,948;-1;-1;-1;-1;-1;-1
31.12.1973;102,227;75,12;91,955;332,727;216,875;-1;-1;-1;-1;-1;-1
31.01.1974;100,276;84,766;87,844;350,689;215,756;-1;-1;-1;-1;-1;-1
28.02.1974;99,958;92,385;93,71;297,606;223,683;-1;-1;-1;-1;-1;-1
29.03.1974;97,305;86,469;78,439;262,788;227,06;-1;-1;-1;-1;-1;-1
30.04.1974;93,358;83,02;84,515;235,67;230,05;-1;-1;-1;-1;-1;-1
31.05.1974;90,258;70,697;75,688;310,109;237,968;-1;-1;-1;-1;-1;-1
28.06.1974;88,529;66,172;68,248;308,736;229,203;-1;-1;-1;-1;-1;-1
31.07.1974;81,285;55,601;63,66;259,036;206,064;-1;-1;-1;-1;-1;-1
30.08.1974;73,707;54,29;54,142;199,822;183,031;-1;-1;-1;-1;-1;-1
30.09.1974;64,919;38,145;47,549;162,87;184,666;-1;-1;-1;-1;-1;-1
31.10.1974;76,151;47,586;49,067;173,032;168,931;-1;-1;-1;-1;-1;-1
29.11.1974;72,406;49,337;41,304;137,244;186,102;-1;-1;-1;-1;-1;-1
31.12.1974;70,678;47,164;42,003;136,013;178,192;-1;-1;-1;-1;-1;-1
31.01.1975;79,571;57,801;65,301;182,025;186,817;-1;-1;-1;-1;-1;-1
28.02.1975;84,302;58,662;82,471;207,433;213,682;-1;-1;-1;-1;-1;-1
31.03.1975;86,095;57,348;75,356;218,583;218,63;-1;-1;-1;-1;-1;-1
30.04.1975;89,71;56,151;86,768;246,484;218,804;-1;-1;-1;-1;-1;-1
30.05.1975;93,542;61,671;89,397;244,047;217,357;-1;-1;-1;-1;-1;-1
30.06.1975;97,774;59,674;75,185;244,218;219,39;-1;-1;-1;-1;-1;-1
31.07.1975;90,96;58,264;71,519;228,096;207,773;-1;-1;-1;-1;-1;-1
29.08.1975;88,704;56,037;80,566;222,894;198,187;-1;-1;-1;-1;-1;-1
30.09.1975;85,336;59,644;79,22;228,28;185,285;-1;-1;-1;-1;-1;-1
31.10.1975;90,944;61,186;83,61;233,366;204,882;-1;-1;-1;-1;-1;-1
28.11.1975;93,43;65,167;81,833;247,658;206,265;-1;-1;-1;-1;-1;-1
31.12.1975;92,236;66,996;85,457;274,107;208,215;-1;-1;-1;-1;-1;-1
30.01.1976;102,733;67,953;93,602;328,322;220,65;-1;-1;-1;-1;-1;-1
27.02.1976;101,4;68,902;90,312;350,475;221,811;-1;-1;-1;-1;-1;-1
31.03.1976;104,667;67,116;84,654;365,277;221,347;-1;-1;-1;-1;-1;-1
30.04.1976;103,291;68,516;84,465;340,592;222,39;-1;-1;-1;-1;-1;-1
31.05.1976;101,9;69,045;75,424;322,548;223,234;-1;-1;-1;-1;-1;-1
30.06.1976;106,143;69,791;75,292;331,241;234,025;-1;-1;-1;-1;-1;-1
30.07.1976;105,284;76,732;72,612;323,024;229,3;-1;-1;-1;-1;-1;-1
31.08.1976;104,9;76,337;68,79;331,446;236,942;-1;-1;-1;-1;-1;-1
30.09.1976;107,27;70,004;60,712;328,201;237,819;-1;-1;-1;-1;-1;-1
29.10.1976;104,98;65,639;52,529;312,379;224,97;-1;-1;-1;-1;-1;-1
30.11.1976;104,244;51,706;57,736;327,481;222,072;-1;-1;-1;-1;-1;-1
31.12.1976;109,482;57,532;70,458;373,015;255,495;-1;-1;-1;-1;-1;-1
31.01.1977;103,851;58,386;76,954;360,054;247,449;-1;-1;-1;-1;-1;-1
28.02.1977;101,43;56,462;78,557;351,846;259,725;-1;-1;-1;-1;-1;-1
31.03.1977;99,961;59,634;80,906;340,865;256,79;-1;-1;-1;-1;-1;-1
29.04.1977;99,968;58,791;83,424;358,494;261,114;-1;-1;-1;-1;-1;-1
31.05.1977;97,782;61,271;85,301;347,614;259,048;-1;-1;-1;-1;-1;-1
30.06.1977;102,224;60,907;87,698;349,921;268,829;-1;-1;-1;-1;-1;-1
29.07.1977;100,643;57,403;86,093;333,202;265,191;-1;-1;-1;-1;-1;-1
31.08.1977;98,442;54,44;96,075;340,407;278,765;-1;-1;-1;-1;-1;-1
30.09.1977;98,176;54,231;103,849;329,699;282,284;-1;-1;-1;-1;-1;-1
31.10.1977;93,788;58,06;105,307;326,229;287,333;-1;-1;-1;-1;-1;-1
30.11.1977;95,897;56,304;99,496;327,499;287,675;-1;-1;-1;-1;-1;-1
30.12.1977;96,119;61,186;105,828;317,641;289,226;-1;-1;-1;-1;-1;-1
31.01.1978;90,178;58,048;102,691;317,942;300,911;-1;-1;-1;-1;-1;-1
28.02.1978;87,82;54,663;96,81;321,462;311,83;-1;-1;-1;-1;-1;-1
31.03.1978;89,609;57,57;99,09;350,815;351,65;-1;-1;-1;-1;-1;-1
28.04.1978;97,731;61,062;98,575;350,996;348,866;-1;-1;-1;-1;-1;-1
31.05.1978;97,771;63,844;102,385;356,204;351,538;-1;-1;-1;-1;-1;-1
30.06.1978;95,864;63,457;100,889;431,999;383,978;-1;-1;-1;-1;-1;-1
31.07.1978;101,309;67,493;110,979;452,692;423,365;-1;-1;-1;-1;-1;-1
31.08.1978;103,616;71,555;113,697;528,727;416,417;-1;-1;-1;-1;-1;-1
29.09.1978;102,801;74,361;114,853;492,718;425,008;-1;-1;-1;-1;-1;-1
31.10.1978;93,68;70,861;117,646;515,577;457,333;-1;-1;-1;-1;-1;-1
30.11.1978;95,188;66,983;111,674;367,578;414,553;-1;-1;-1;-1;-1;-1
29.12.1978;96,508;70,945;114,886;360,918;434,091;-1;-1;-1;-1;-1;-1
31.01.1979;100,505;73,617;113,849;402,18;432,011;-1;-1;-1;-1;-1;-1
28.02.1979;96,612;75,824;123,272;384,287;414,777;-1;-1;-1;-1;-1;-1
30.03.1979;101,673;76,543;141,628;381,702;399,437;-1;-1;-1;-1;-1;-1
30.04.1979;101,244;73,726;148,204;378,744;386,488;-1;-1;-1;-1;-1;-1
31.05.1979;98,842;75,79;137,418;391,091;391,781;-1;-1;-1;-1;-1;-1
29.06.1979;102,194;74,517;137,66;371,993;393,798;-1;-1;-1;-1;-1;-1
31.07.1979;102,869;76,631;138,439;413,938;392,088;-1;-1;-1;-1;-1;-1
31.08.1979;107,498;85,634;141,475;406,17;392,988;-1;-1;-1;-1;-1;-1
28.09.1979;106,857;91,327;143,617;486,703;399,894;-1;-1;-1;-1;-1;-1
31.10.1979;99,536;89,799;128,285;480,609;368,349;-1;-1;-1;-1;-1;-1
30.11.1979;103,186;87,133;133,425;542,246;353,066;-1;-1;-1;-1;-1;-1
31.12.1979;104,383;97,587;132,758;634,398;374,827;-1;-1;-1;-1;-1;-1
31.01.1980;110,181;117,522;146,466;664,72;381,74;-1;-1;-1;-1;-1;-1
29.02.1980;108,563;120,296;154,387;660,241;366,326;-1;-1;-1;-1;-1;-1
31.03.1980;98,453;98,148;133,376;542,282;355,49;-1;-1;-1;-1;-1;-1
30.04.1980;102,216;104,724;143,574;623,138;383,902;-1;-1;-1;-1;-1;-1
30.05.1980;106,613;119,13;144,26;641,874;406,148;-1;-1;-1;-1;-1;-1
30.06.1980;109,551;127,729;161,866;755,174;421,384;-1;-1;-1;-1;-1;-1
31.07.1980;116,305;127,333;166,736;836,856;399,883;-1;-1;-1;-1;-1;-1
29.08.1980;116,587;134,339;170,108;888,857;425,852;-1;-1;-1;-1;-1;-1
30.09.1980;119,002;141,979;174,325;872,273;453,223;-1;-1;-1;-1;-1;-1
31.10.1980;121,485;151,051;188,884;1082,356;463,6;-1;-1;-1;-1;-1;-1
28.11.1980;133,636;146,62;184,738;1031,32;448,073;-1;-1;-1;-1;-1;-1
31.12.1980;128,466;145,018;175,724;1061,094;478,795;-1;-1;-1;-1;-1;-1
30.01.1981;123,167;129,51;173,998;1106,661;487,507;-1;-1;-1;-1;-1;-1
27.02.1981;125,24;123,893;167,736;1023,805;479,819;-1;-1;-1;-1;-1;-1
31.03.1981;128,868;136,528;169,407;937,392;507,81;-1;-1;-1;-1;-1;-1
30.04.1981;125,928;134,633;173,091;967,782;544,07;-1;-1;-1;-1;-1;-1
29.05.1981;125,018;133,228;158,601;1130,934;529,408;-1;-1;-1;-1;-1;-1
30.06.1981;124,184;130,718;151,535;1149,562;547,406;-1;-1;-1;-1;-1;-1
31.07.1981;124,512;115,856;145,58;1077,777;526,613;-1;-1;-1;-1;-1;-1
31.08.1981;116,856;116,256;151,433;1011,974;546,365;-1;-1;-1;-1;-1;-1
30.09.1981;110,804;105,116;123,738;732,182;494,07;-1;-1;-1;-1;-1;-1
30.10.1981;115,752;98,593;130,144;767,18;492,921;-1;-1;-1;-1;-1;-1
30.11.1981;120,263;107,779;154,67;900,664;537,083;-1;-1;-1;-1;-1;-1
31.12.1981;116,52;105,754;147,732;863,679;545,076;-1;-1;-1;-1;-1;-1
29.01.1982;114,639;93,764;154,174;851,447;535,258;-1;-1;-1;-1;-1;-1
26.02.1982;108,162;83,466;142,404;743,411;491,976;-1;-1;-1;-1;-1;-1
31.03.1982;107,017;76,786;144,156;689,986;444,079;-1;-1;-1;-1;-1;-1
30.04.1982;111,15;86,277;147,1;807,246;482,948;-1;-1;-1;-1;-1;-1
31.05.1982;106,898;84,765;151,295;879,258;463,812;-1;-1;-1;-1;-1;-1
30.06.1982;104,99;77,06;141,074;768,383;435,255;-1;-1;-1;-1;-1;-1
30.07.1982;102,556;74,066;145,488;712,57;418,463;-1;-1;-1;-1;-1;-1
31.08.1982;114,627;75,327;147,129;618,067;420,247;-1;-1;-1;-1;-1;-1
30.09.1982;115,581;76,775;153,454;531,956;403,606;-1;-1;-1;-1;-1;-1
29.10.1982;127,902;76,409;155,657;417,369;404,572;-1;-1;-1;-1;-1;-1
30.11.1982;132,318;75,072;150,507;393,281;478,909;-1;-1;-1;-1;-1;-1
31.12.1982;134,15;77,696;152,316;453,29;532,645;-1;-1;-1;-1;-1;-1
31.01.1983;138,966;85,484;149,448;503,013;509,947;-1;-1;-1;-1;-1;-1
28.02.1983;141,364;78,647;149,689;572,9;517,701;-1;-1;-1;-1;-1;-1
31.03.1983;145,709;73,533;151,208;544,814;537,813;-1;-1;-1;-1;-1;-1
29.04.1983;156,604;85,112;171,969;541,199;548,556;-1;-1;-1;-1;-1;-1
31.05.1983;153,639;90,624;176,429;469,972;549,162;-1;-1;-1;-1;-1;-1
30.06.1983;159,043;87,792;177,248;495,742;565,972;-1;-1;-1;-1;-1;-1
29.07.1983;153,339;98,537;170,25;540,518;569,994;-1;-1;-1;-1;-1;-1
31.08.1983;155,924;101,921;168,107;465,557;562,323;-1;-1;-1;-1;-1;-1
30.09.1983;157,4;106,174;167,261;339,728;606,039;-1;-1;-1;-1;-1;-1
31.10.1983;155,074;104,267;163,825;407,454;602,409;-1;-1;-1;-1;-1;-1
30.11.1983;157,849;113,833;170,54;401,336;609,169;-1;-1;-1;-1;-1;-1
30.12.1983;156,432;116,232;170,253;414,188;655,431;-1;-1;-1;-1;-1;-1
31.01.1984;154,132;115,558;176,366;525,439;685,438;-1;-1;-1;-1;-1;-1
29.02.1984;147,179;111,238;182,801;504,03;682,715;-1;-1;-1;-1;-1;-1
30.03.1984;149,341;115,272;189,088;483,183;805,204;-1;-1;-1;-1;-1;-1
30.04.1984;150,328;113,937;187,292;492,03;786,951;-1;-1;-1;-1;-1;-1
31.05.1984;141,335;95,3;167,211;440,786;689,535;-1;-1;-1;-1;-1;-1
29.06.1984;143,77;93,805;167,632;432,006;692,092;-1;-1;-1;-1;-1;-1
31.07.1984;142,081;93,652;156,955;383,95;642,573;-1;-1;-1;-1;-1;-1
31.08.1984;156,939;102,784;172,123;448,515;697,01;-1;-1;-1;-1;-1;-1
28.09.1984;156,6;101,215;168,434;483,714;693,37;-1;-1;-1;-1;-1;-1
31.10.1984;156,814;104,63;166,893;488,263;726,904;-1;-1;-1;-1;-1;-1
30.11.1984;154,698;105,076;169,74;540,782;731,173;-1;-1;-1;-1;-1;-1
31.12.1984;158,006;97,291;171,324;577,05;758,51;-1;-1;-1;-1;-1;-1
31.01.1985;170,102;103,004;174,448;660,454;754,042;-1;-1;-1;-1;-1;-1
28.02.1985;171,522;92,884;164,631;662,94;778,087;-1;-1;-1;-1;-1;-1
29.03.1985;171,384;95,033;190,173;661,277;821,808;-1;-1;-1;-1;-1;-1
30.04.1985;170,398;93,371;194,143;726,956;793,077;-1;-1;-1;-1;-1;-1
31.05.1985;180,337;95,279;203,266;765,41;820,087;-1;-1;-1;-1;-1;-1
28.06.1985;182,368;95,48;195,743;755,496;856,433;-1;-1;-1;-1;-1;-1
31.07.1985;181,208;112,293;219,257;807,261;860,062;-1;-1;-1;-1;-1;-1
30.08.1985;178,954;108,627;230,143;789,91;880,046;-1;-1;-1;-1;-1;-1
30.09.1985;172,684;115,718;221,205;728,141;972,687;-1;-1;-1;-1;-1;-1
31.10.1985;179,909;119,205;244,161;798,254;1002,606;-1;-1;-1;-1;-1;-1
29.11.1985;191,79;111,797;262,238;822,85;1016,762;-1;-1;-1;-1;-1;-1
31.12.1985;201,05;113,069;250,668;842,129;1076,096;-1;-1;-1;-1;-1;-1
31.01.1986;201,676;127,25;249,974;821,009;1105,053;-1;-1;-1;-1;-1;-1
28.02.1986;216,311;119,726;278,855;825,512;1237,306;-1;-1;-1;-1;-1;-1
31.03.1986;227,731;132,358;302,924;796,609;1501,887;-1;-1;-1;-1;-1;-1
30.04.1986;223,911;145,974;319,708;899,606;1558,089;-1;-1;-1;-1;-1;-1
30.05.1986;234,285;146,16;292,51;875,832;1546,893;-1;-1;-1;-1;-1;-1
30.06.1986;236,677;129,826;314,906;850,74;1703,042;-1;-1;-1;-1;-1;-1
31.07.1986;223,387;108,935;286,714;915,005;1927,184;-1;-1;-1;-1;-1;-1
29.08.1986;239,237;116,31;303,639;945,776;2101,377;-1;-1;-1;-1;-1;-1
30.09.1986;218,173;126,27;277,053;1020,958;2152,775;-1;-1;-1;-1;-1;-1
31.10.1986;229,883;142,168;281,721;1147,426;1864,62;-1;-1;-1;-1;-1;-1
28.11.1986;234,612;143,894;291,202;1186,97;1987,273;-1;-1;-1;-1;-1;-1
31.12.1986;228,021;156,591;305,674;1267,783;2132,274;-1;-1;-1;-1;-1;-1
30.01.1987;257,614;158,153;339,659;1275,929;2474,21;-1;-1;-1;-1;-1;-1
27.02.1987;266,174;177,168;380,003;1447,404;2517,547;-1;-1;-1;-1;-1;-1
31.03.1987;272,65;195,793;398,275;1374,382;2792,271;-1;-1;-1;-1;-1;-1
30.04.1987;269,477;202,025;423,995;1324,855;3230,463;-1;-1;-1;-1;-1;-1
29.05.1987;270,289;208,35;447,13;1484,099;3223,484;-1;-1;-1;-1;-1;-1
30.06.1987;283,574;212,464;461,624;1618,904;2983,666;-1;-1;-1;-1;-1;-1
31.07.1987;296,342;236,078;470,317;1772,864;2878,152;-1;-1;-1;-1;-1;-1
31.08.1987;307,305;257,873;459,709;1848,146;3235,741;-1;-1;-1;-1;-1;-1
30.09.1987;300,033;266,95;482,381;1991,981;3120,252;-1;-1;-1;-1;-1;-1
30.10.1987;235,641;147,586;377,527;1122,732;2884,973;-1;-1;-1;-1;-1;-1
30.11.1987;214,999;161,761;359,458;1085,665;2999,023;-1;-1;-1;-1;-1;-1
31.12.1987;229,41;167,139;402,136;1176,764;3036,609;-1;-1;-1;100;100;-1
29.01.1988;238,495;156,465;398,474;1207,031;3198,938;-1;-1;-1;121,498;123,669;-1
29.02.1988;247,731;157,558;395,961;1228,886;3439,3;-1;-1;-1;117,711;115,354;-1
31.03.1988;238,687;184,397;413,754;1298,22;3697,216;-1;-1;-1;125,136;165,282;-1
29.04.1988;240,107;195,445;423,636;1325,382;3734,416;-1;-1;-1;129,316;181,902;-1
31.05.1988;241,394;224,117;410,275;1284,609;3564,444;-1;-1;-1;144,57;187,802;-1
30.06.1988;251,852;216,364;395,771;1385,057;3428,896;-1;-1;-1;137,545;170,63;-1
29.07.1988;250,291;229,207;398,499;1402,16;3584,889;-1;-1;-1;142,633;144,759;-1
31.08.1988;241,108;222,488;370,495;1283,225;3312,921;-1;-1;-1;133,789;150,994;-1
30.09.1988;250,63;214,898;387,466;1288,999;3454,393;-1;-1;-1;137,958;182,279;-1
31.10.1988;257,527;229,291;416,989;1384,305;3741,394;-1;-1;-1;151,654;179,676;-1
30.11.1988;252,764;223,772;420,26;1424,351;4072,533;-1;-1;-1;173,244;167,991;-1
30.12.1988;256,104;221,305;411,476;1443,565;4094,576;-1;-1;-1;194,002;193,081;-1
31.01.1989;274,776;240,991;456,807;1641,45;4105,418;-1;-1;-1;190,368;153,036;-1
28.02.1989;265,728;204,205;443,7;1621,964;4183,473;-1;-1;-1;195,841;207,062;-1
31.03.1989;270,884;207,253;445,265;1619,989;4036,091;-1;-1;-1;214,005;269,34;-1
28.04.1989;284,753;209,523;450,279;1687,981;4028,268;-1;-1;-1;198,181;375,884;-1
31.05.1989;294,884;203,42;417,716;1489,956;3798,918;-1;-1;-1;195,067;358,19;-1
30.06.1989;292,928;204,876;419,916;1215,81;3627,521;-1;-1;-1;179,445;210,128;-1
31.07.1989;318,915;222,273;482,056;1373,514;4107,445;-1;-1;-1;188,676;242,098;-1
31.08.1989;322,875;240,372;469,574;1325,151;3822,82;-1;-1;-1;210;228,236;-1
29.09.1989;321,31;239,415;465,712;1484,031;4065,197;-1;-1;-1;203,82;243,02;-1
31.10.1989;313,148;228,753;420,323;1468,379;3957,427;-1;-1;-1;194,016;276,301;-1
30.11.1989;318,731;222,644;441,428;1475,433;4158,058;-1;-1;-1;196,8;203,906;-1
29.12.1989;325,027;233,611;484,623;1492,002;4149,238;-1;-1;-1;194,835;258,685;-1
31.01.1990;303,041;231,135;486,428;1441,001;3898,431;-1;-1;-1;188,418;261,897;-1
28.02.1990;306,641;214,505;471,719;1551,691;3494,191;-1;-1;-1;178,949;279,369;-1
30.03.1990;312,989;208,424;456,67;1580,452;2815,501;-1;-1;-1;174,154;92,378;-1
30.04.1990;305,699;193,686;425,925;1562,454;2849,917;-1;-1;-1;138,528;167,436;-1
31.05.1990;333,042;210,726;487,857;1674,405;3256,627;-1;-1;-1;159,911;147,573;-1
29.06.1990;330,9;219,056;515,282;1738,805;3103,417;-1;-1;-1;142,933;149,795;-1
31.07.1990;329,485;228,805;535,796;1824,776;3060,31;-1;-1;-1;136,222;186,949;-1
31.08.1990;298,427;224,432;505,541;1611,901;2761,277;-1;-1;-1;119,494;156,712;-1
28.09.1990;283,669;210,871;458,908;1427,628;2308,078;-1;-1;-1;117,825;134,257;-1
31.10.1990;281,874;190,65;494,176;1545,977;2866,254;-1;-1;-1;138,73;95,145;-1
30.11.1990;299,46;190,234;519,262;1535,482;2520,476;-1;-1;-1;140,712;98,352;-1
31.12.1990;306,85;184,613;513,634;1546,934;2637,604;-1;-1;-1;139,363;89,166;-1
31.01.1991;320,553;194,558;531,263;1657,917;2711,213;-1;-1;-1;126,434;130,705;-1
28.02.1991;341,789;208,072;572,559;1818,612;3051,751;-1;-1;-1;133,979;159,657;-1
29.03.1991;349,202;210,506;540,852;1923,689;2860,693;-1;-1;-1;127,134;141,606;-1
30.04.1991;349,644;226,467;532,178;1866,109;2930,591;-1;-1;-1;126,661;146,834;-1
31.05.1991;363,248;219,121;534,062;1939,645;2915,751;-1;-1;-1;120,666;215,343;-1
28.06.1991;345,677;221,139;487,445;1926,329;2704,529;-1;-1;-1;118,943;209,904;-1
31.07.1991;360,936;234,228;542,799;2100,823;2786,749;-1;-1;-1;148,968;230,813;-1
30.08.1991;368,75;231,902;555,086;2096,131;2631,422;-1;-1;-1;137,246;217,295;-1
30.09.1991;361,552;239,953;574,373;2060,152;2859,786;-1;-1;-1;141,522;185,266;-1
31.10.1991;366,843;251,667;558,116;2084,99;2981,87;-1;-1;-1;135,108;191,062;-1
29.11.1991;351,071;238,387;530,03;2137,83;2769,799;-1;-1;-1;123,752;157,718;-1
31.12.1991;390,215;238,344;573,47;2208,632;2855,852;-1;-1;-1;115,605;243,548;-1
31.01.1992;382,761;231,24;565,945;2405,818;2721,988;-1;-1;-1;125,58;335,043;-1
28.02.1992;386,187;232,277;557,849;2596,106;2493,208;-1;-1;-1;110,94;330,543;-1
31.03.1992;378,108;233,299;524,534;2588,532;2221,474;-1;-1;-1;103,095;367,475;-1
30.04.1992;388,203;240,944;585,515;2784,625;2083,283;-1;-1;-1;106,8;368,46;-1
29.05.1992;388,82;244,258;617,116;3180,492;2248,437;-1;-1;-1;95,646;364,81;-1
30.06.1992;381,91;235,455;591,868;3216,292;2041,332;-1;-1;-1;97,824;247,192;-1
31.07.1992;396,861;229,531;567,761;3062,652;2016,462;-1;-1;-1;90,69;275,222;-1
31.08.1992;386,371;210,936;564,425;2916,478;2372,134;-1;-1;-1;97,904;267,851;-1
30.09.1992;389,589;201,466;552,545;2886,92;2313,663;-1;-1;-1;88,221;289,921;-1
30.10.1992;390,982;188,682;506,888;3244,055;2204,66;-1;-1;-1;102,711;255,058;-1
30.11.1992;402,999;189,597;511,832;2991,646;2260,096;-1;-1;-1;111,538;223,521;-1
31.12.1992;406,462;206,798;531,98;2814,252;2225,159;100;100;100;115,611;255,82;-1
29.01.1993;409,073;199,752;518,92;2924,945;2216,377;104,133;98,88;97,949;114,081;249,074;-1
26.02.1993;413,484;214,636;504,888;3216,566;2310,717;99,151;108,816;100,349;106,223;297,434;-1
31.03.1993;421,027;222,613;540,435;3217,815;2634,121;104,919;97,125;84,797;112,499;305,627;-1
30.04.1993;410,766;223,569;554,887;3454,091;3100,612;104,011;91,77;79,301;122,777;302,017;-1
31.05.1993;420,292;219,171;557,369;3741,758;3184,27;104,289;86,279;83,392;128,547;339,535;-1
30.06.1993;420,618;213,756;550,126;3598,845;3138,352;100,538;82,25;84,388;125,333;381,307;-1
30.07.1993;419,187;234,303;547,09;3522,339;3335,344;89,367;72,523;89,519;120,968;383,201;-1
31.08.1993;433,351;243,768;584,077;3769,057;3406,32;101,383;84,815;101,24;112,848;409,602;-1
30.09.1993;428,11;237,19;575,896;3837,565;3242,651;111,795;90,507;105,076;120,727;440,689;-1
29.10.1993;434,661;263,554;597,009;4718,861;3226,184;110,771;99,26;103,251;123,144;406,957;-1
30.11.1993;430,747;246,581;598,197;4641,759;2689,095;111,97;107,438;125,414;134,668;438,346;-1
31.12.1993;434,983;273,003;641,457;5907,268;2772,776;113,834;133,553;133,043;149,238;448,352;-1
31.01.1994;449,819;301,697;668,722;5675,339;3218,808;116,434;115,802;154,99;169,294;603,506;-1
28.02.1994;436,199;285,817;634,134;5070,293;3364,274;103,611;109,569;165,745;167,185;620,723;-1
31.03.1994;416,333;264,344;590,141;4512,761;3218,656;97,026;89,573;147,283;152,5;636,136;-1
29.04.1994;421,299;273,39;610,01;4520,301;3354,156;97,805;87,474;143,887;162,778;499,932;-1
31.05.1994;427,349;285,882;576,518;4821,084;3425,994;82,783;91,303;145,656;169,941;497,418;-1
30.06.1994;414,388;270,614;576,88;4418,591;3593,277;71,461;80,912;152,928;167,057;508,218;-1
29.07.1994;427,442;283,8;606,253;4759,528;3462,576;79,085;90,359;157,463;167,317;599,407;-1
31.08.1994;443,324;296,671;639,305;5017,465;3484,501;82,301;95,556;170,128;175,537;812,428;-1
30.09.1994;433;280,143;608,078;4791,808;3396,813;84,338;96,533;160,639;202,408;876,359;-1
31.10.1994;442;287,255;641,676;4815,494;3488,241;86,418;92,656;158,189;203,496;811,467;-1
30.11.1994;425,963;275,735;612,096;4218,102;3311,031;76,351;80,567;152,89;194,473;778,736;-1
30.12.1994;431,264;281,004;611,077;4075,766;3347,371;75,838;70,583;145,136;182,257;734,482;100
31.01.1995;442,209;263,419;600,047;3584,733;3150,473;76,337;60,828;136,149;165,547;670,867;78,013
28.02.1995;458,693;271,2;601,719;4121,783;2996,602;67,614;67,802;128,944;162,015;570,011;62,429
31.03.1995;470,035;267,815;645,213;4214,077;3270,419;77,124;67,912;124,062;175,539;493,067;67,817
28.04.1995;483,842;285,271;652,406;4081,944;3428,045;81,076;60,642;117,791;175,774;588,602;51,322
31.05.1995;501,775;278,153;665,723;4606,12;3213,473;82,37;70,329;122,445;173,481;587,039;67,647
30.06.1995;513,16;274,42;664,576;4518,514;3057,961;87,3;69,359;118,063;176,318;571,848;96,863
31.07.1995;529,623;299,335;699,821;4596,776;3299,458;88,098;72,819;122,619;183,213;592,041;96,83
31.08.1995;528,691;304,225;681,44;4431,309;3165,121;92,358;68,583;117,959;176,864;621,309;83,91
29.09.1995;551,427;301,636;700,138;4683,155;3190,285;93,901;65,454;114,228;193,528;652,461;79,78
31.10.1995;550,189;293,453;697,473;4679,733;3010,224;88,47;61,375;111,196;196,832;591,472;67,338
30.11.1995;573,394;298,832;699,794;4678,901;3186,762;88,737;57,003;94,979;181,206;589,67;64,562
29.12.1995;581,071;304,239;716,422;4818,413;3348,075;92,376;54,358;98,833;173,813;578,125;71,999
31.01.1996;600,799;312,691;713,475;5425,841;3302,525;91,174;62,677;89,332;169,705;677,36;73,483
29.02.1996;606,038;321,881;717,361;5351,566;3242,147;94,88;64,535;108,987;166,096;646,29;65,925
29.03.1996;611,159;319,707;711,453;5342,395;3355;86,939;61,567;110,089;169,674;635,134;68,937
30.04.1996;619,162;334,67;723,375;5340,496;3544,155;92,029;58,31;123,689;189,442;641,793;96,171
31.05.1996;634,651;331,32;729,808;5486,387;3360,214;87,669;60,629;119,053;166,718;690,596;131,549
28.06.1996;637,351;319,648;723,493;5344,814;3376,471;85,01;61,354;123,038;147,928;723,947;187,101
31.07.1996;608,263;303,94;726,459;5087,004;3223,71;76,737;58,895;112,49;142,556;715,099;138,931
30.08.1996;620,827;322,668;761,965;5238,609;3078,094;80,714;58,705;110,099;135,01;727,11;171,461
30.09.1996;654,551;322,247;777,474;5581,124;3183,24;82,42;58,025;101,087;133,361;740,658;152,924
31.10.1996;670,235;333,884;812,136;5800,921;2968,193;79,653;56,482;98,873;124,98;759,698;167,078
29.11.1996;719,848;346,776;856,139;6260,85;3023,328;84,548;63,003;90,072;122,681;760,259;171,72
31.12.1996;705,16;345,059;883,481;6213,251;2812,892;88,794;73,443;95,105;107,099;797,876;180,763
31.01.1997;752,397;330,339;855,345;6064,61;2505,34;101,065;71,812;103,668;112,752;888,996;249,607
28.02.1997;756,645;339,17;879,88;6039,503;2562,466;103,87;73,924;110,79;107,331;979,416;294,862
31.03.1997;721,7;337,243;886,885;5623,367;2476,684;98,892;71,787;101,834;103,603;965,121;271,836
30.04.1997;768,16;345,674;900,932;5699,636;2565,181;100,671;81,27;114,719;107,197;1031,91;293,874
30.05.1997;810,584;351,283;939,797;6403,863;2847,001;109,073;79,475;112,887;115,574;1096,65;330,274
30.06.1997;846,458;362,075;950,501;6715,843;3058,294;110,754;81,017;129,74;117,491;1206,239;392,734
31.07.1997;912,322;358,583;992,627;7119,534;2963,691;119,593;91,99;131,35;113,185;1238,568;457,413
29.08.1997;857,096;333,246;974,043;6170,183;2705,247;112,524;97,401;117,044;109,506;1047,016;432,844
30.09.1997;900,777;348,555;1056,167;6544,837;2662,946;117,222;81,203;118,915;98,666;1159,204;465,568
31.10.1997;875,148;300,859;1013,642;4639,198;2413,481;107,11;68,015;114,838;67,827;879,017;398,787
28.11.1997;916,448;293,864;1016,16;4560,517;2264,014;109,284;55,704;102,442;50,854;905,017;313,861
31.12.1997;928,912;301,735;1052,094;4609,391;2133,16;109,154;54,053;104,225;35,075;984,389;382,434
30.01.1998;939,785;321,065;1100,801;3950,762;2322,145;99,786;40,304;93,394;59,835;899,387;267,571
27.02.1998;1004,607;326,066;1174,678;4716,613;2332,898;104,215;54,605;103,228;56,152;967,721;314,07
31.03.1998;1055,594;326,469;1234,218;4602,628;2172,912;111,547;53,09;110,496;55,531;1048,174;331,763
30.04.1998;1066,85;321,04;1234,391;4099,865;2162,822;111,454;47,564;112,792;53,72;1002,236;323,814
29.05.1998;1044,326;301,996;1186,358;3524,363;2042,725;119,246;40,953;99,364;40,345;843,702;196,366
30.06.1998;1088,091;302,083;1202,183;3321,431;2070,187;117,638;34,387;86,412;36,495;811,141;154,186
31.07.1998;1076,185;299,637;1175,714;3059,228;2041,75;115,353;28,166;85,277;47,753;881,204;157,257
31.08.1998;925,238;258,54;1088,057;2839,081;1807,716;101,285;20,372;78,027;39,857;537,505;62,004
30.09.1998;984,895;275,114;1063,405;3290,272;1757,115;98,001;29,166;81,842;38,862;557,125;38,252
30.10.1998;1059,963;298,176;1125,771;4369,77;2050,345;91,959;32,07;75,565;51,201;578,899;59,166
30.11.1998;1130,791;316,168;1173,638;4348,674;2142,743;98,425;33,089;74,199;60,791;679,16;82,455
31.12.1998;1196,343;313,187;1208,247;4259,022;2224,191;100,524;30,36;80,37;83,318;550,538;64,408
29.01.1999;1246,747;331,495;1193,304;3961,86;2238,893;103,027;24,717;89,964;86,108;393,294;60,985
26.02.1999;1210,633;322,521;1217,357;3987,742;2188,367;105,348;23,669;86,952;76,393;421,328;83,235
31.03.1999;1259,662;335,491;1252,854;4498,784;2490,506;116,464;26,704;101,438;89,163;575,128;105,064
30.04.1999;1303,917;369,238;1298,891;5490,048;2593,096;117,177;33,373;88,671;112,853;641,694;122,24
31.05.1999;1272,252;338,285;1224,521;5038,281;2445,673;120,918;32,94;105,23;113,075;615,335;127,49
30.06.1999;1339,359;354,494;1225,235;5508,071;2675,885;124,801;48,256;108,89;146,596;640,077;150,242
30.07.1999;1294,606;353,616;1241,219;5318,718;2941,694;120,997;42,229;120,678;152,462;575,599;145,409
31.08.1999;1285,056;333,093;1233,834;5355,05;2919,729;110,117;41,856;131,482;155,357;553,133;122,938
30.09.1999;1245,592;333,795;1211,233;5128,511;3095,502;112,645;40,123;131,399;132,427;577,792;103,001
29.10.1999;1325,737;325,429;1243,971;5384,421;3226,799;118,496;36,797;122,1;134,048;597,471;120,309
30.11.1999;1352,837;342,066;1256,717;6070,813;3363,731;132,425;36,095;129,723;163,304;709,674;138,384
31.12.1999;1445,856;360,753;1325,936;6595,116;3571,063;157,113;33,378;148,419;158,449;889,491;222,982
31.01.2000;1367,098;347,159;1201,987;6081,484;3415,036;157,614;31,921;164,381;160,154;839,651;204,559
29.02.2000;1333,279;338,404;1161,518;6425,875;3325,178;200,085;26,061;194,484;137,109;874,469;199,225
31.03.2000;1465,047;334,881;1244,589;6584,864;3597,971;180,996;26,587;174,52;152,927;906,675;274,055
28.04.2000;1416,34;325,303;1190,26;5954,681;3326,075;175,922;28,93;146,507;135,359;785,597;268,367
31.05.2000;1377,567;313,198;1147,787;5261,082;3155,432;183,052;29,162;128,993;133,274;773,162;227,95
30.06.2000;1409,306;357,337;1156,186;5656,774;3370,974;196,048;32,995;141,959;151,757;867,148;209,494
31.07.2000;1382,781;335,013;1161,991;6027,262;2981,432;198,385;32,369;126,39;127,344;857,521;234,462
31.08.2000;1453,345;337,95;1172,282;6070,522;3173,085;226,541;31,05;131,972;123,275;876,944;279,317
29.09.2000;1373,016;322,52;1138,092;5562,645;3014,063;232,554;27,181;117,551;107,935;820,394;228,929
31.10.2000;1361,95;301,211;1144,105;5178,46;2837,895;204,413;25,902;107,369;87,525;756,136;214,919
30.11.2000;1253,096;307,353;1074,827;4985,196;2718,62;176,743;22,45;115,147;81,785;671,093;151,195
29.12.2000;1249,864;317,651;1146,254;5475,329;2551,957;195,991;22,634;114,547;78,674;763,19;155,225
31.01.2001;1294,402;330,481;1127,011;5634,498;2521,463;194,967;25,915;124,614;100,278;852,389;185,36
28.02.2001;1177,196;314,605;1048,937;5505,778;2407,82;166,719;23,551;120,08;92,85;764,306;169,813
30.03.2001;1101,098;280,107;996,825;4904,516;2328,85;135,225;19,721;98,777;79,218;671,354;168,492
30.04.2001;1185,823;312,964;1057,953;4877,286;2486,618;153,476;21,699;96,529;90,303;697,52;183,774
31.05.2001;1191,158;314,578;1020,717;4786,715;2480,587;146,018;22,118;100,061;97,142;659,967;215,225
29.06.2001;1163,136;323,467;984,624;4527,573;2332,522;144,417;22,834;94,547;91,659;647,541;211,604
31.07.2001;1151,133;306,778;985,172;4516,536;2158,673;144,11;19,741;90,983;85,04;598,218;190,658
31.08.2001;1072,997;307,561;971,065;4185,61;2104,579;128,522;15,462;89,279;87,843;545,615;200,267
28.09.2001;989,92;267,849;905,378;3534,724;1902,156;104,508;14,839;76,741;73,568;454,247;170,46
31.10.2001;1003,341;291,086;921,979;3644,045;1898,393;113,659;15,207;81,831;85,102;479,242;191,749
30.11.2001;1078,989;312,359;940,168;4105,538;1919,07;126,199;16,685;90,173;106,651;524,76;215,462
31.12.2001;1084,544;315,798;962,025;4314,404;1789,256;132,716;16,741;90,292;114,841;597,056;237,762
31.01.2002;1068,133;316,646;920,997;4237,89;1649,087;126,136;15,164;91,847;123,48;555,724;259,481
28.02.2002;1045,597;317,754;912,691;4071,086;1717,249;110,777;15,286;97,443;135,686;634,819;239,661
29.03.2002;1083,675;327,24;949,98;4296,071;1809,048;110,861;16,131;96,48;147,474;627,136;281,058
30.04.2002;1012,51;322,98;951,542;4515,757;1914,345;91,456;16,757;92,449;147,457;617,652;306,51
31.05.2002;1003,402;342,831;933,78;4294,63;2033,599;95,99;16,89;86,503;147,814;570,145;308,504
28.06.2002;925,676;324,629;892,719;4034,871;1927,331;91,894;16,313;88,997;142,097;464,667;276,613
31.07.2002;858,154;300,301;831,275;3868,031;1793,403;94,907;15,55;82,076;138,256;329,247;249,019
30.08.2002;860,888;306,489;817,629;3663,333;1774,163;95,093;15,247;86,908;138,83;404,18;257,148
30.09.2002;762,564;288,097;731,57;3388,017;1689,933;87,508;13,947;82,6;119,138;281,773;255,24
31.10.2002;830,633;303,079;787,769;3502,387;1572,134;89,785;14,009;82,24;125,235;361,724;276,288
29.11.2002;879,095;309,805;809,494;3703,622;1634,943;101,72;14,585;90,781;141,218;362,057;275,86
31.12.2002;824,583;303,917;791,076;3424,288;1593,175;90,844;14,034;95,646;123,371;395,362;270,735
31.01.2003;803,601;309,373;734,775;3443,707;1528,493;89,984;14,705;91,686;118,004;378,975;256,153
28.02.2003;789,797;304,121;719,016;3399,498;1537,133;90,39;14,384;92,977;110,56;363,539;282,349
31.03.2003;796,075;313,203;712,969;3205,009;1460,743;97,23;13,824;86,038;99,811;410,081;264,565
30.04.2003;861,537;337,902;784,601;3178,091;1449,221;111,577;13,629;82,071;113,985;491,92;320,306
30.05.2003;906,164;348,553;830,188;3401,824;1518,857;124,215;15,252;88,452;120,932;502,638;360,731
30.06.2003;916,093;360,313;835,794;3446,041;1630,444;135,815;16,191;100,788;130,486;503,145;388,574
31.07.2003;931,836;359,098;839,739;3664,65;1696,57;128,849;17,774;106,96;144,589;529,676;359,4
29.08.2003;947,8;366,596;828,204;4099,034;1875,095;130,572;18,914;120,029;152,921;582,65;409,187
30.09.2003;935,569;379,084;855,78;4311,162;1979,757;129,461;18,922;126,732;143,092;593,157;436,066
31.10.2003;987,494;410,972;912,825;4490,542;2070,23;135,659;21,769;139,938;159,415;653,029;406,84
28.11.2003;995,401;407,031;936,411;4453,979;2006,1;142,735;21,984;143,332;159,137;684,32;431,54
31.12.2003;1045,407;441,066;1006,081;4536,123;2144,375;141,399;25,414;166,35;163,589;801,998;461,107
30.01.2004;1063,191;440,405;1002,61;4978,043;2183,119;152,216;25,25;162,186;178,838;766,149;490,198
27.02.2004;1074,308;459,253;1045,235;5137,926;2176,269;158,407;26,822;160,12;184,636;794,332;532,765
31.03.2004;1055,863;463,949;1012,414;4809,834;2458,03;156,463;24,561;163,87;190,837;786,865;596,675
30.04.2004;1038,462;436,065;1003,324;4560,272;2324,278;157,625;21,174;161,139;178,702;666,951;501,004
31.05.2004;1050,601;437,947;1022,16;4526,149;2241,632;158,258;22,491;135,007;166,807;654,802;473,35
30.06.2004;1068,877;435,858;1019,738;4520,569;2361,632;167,464;22,296;135,214;162,711;686,372;470,47
30.07.2004;1031,192;436,302;1008,788;4580,917;2221,582;148,591;22,374;144,27;149,162;742,883;432,073
31.08.2004;1034,652;441,969;1007,365;4896,706;2237,368;140,778;22,466;143,923;163,277;788,306;472,855
30.09.2004;1044,473;469,117;1038,041;4954,159;2178,698;139,017;23,911;155,549;169,175;862,926;508,662
29.10.2004;1059,113;497,164;1062,546;4929,996;2233,581;141,809;23,325;161,263;172,542;868,718;530,311
30.11.2004;1100,656;536,495;1126,972;5362,76;2340,957;154,228;25,669;180,91;190,994;958,528;497,525
31.12.2004;1137,429;558,594;1162,443;5479,043;2460,103;167,369;25,212;193,726;196,24;1046,551;479,901
31.01.2005;1108,199;562,67;1153,553;5251,503;2402,924;165,262;24,663;190,317;208,508;1018,571;494,337
28.02.2005;1128,941;589,751;1204,63;5426,077;2451,907;169,638;26,49;195,517;228,33;1195,765;549,902
31.03.2005;1109,27;563,794;1164,341;5224,034;2387,753;168,653;25,119;189,036;215,324;1090,51;503,427
29.04.2005;1087,919;554,555;1149,961;5423,898;2326,206;168,904;25,004;178,963;204,843;1033,501;508,003
31.05.2005;1121,502;552,803;1135,402;5372,609;2304,621;178,114;24,935;194,314;214,858;1103,977;509,349
30.06.2005;1122,569;581,071;1149,945;5557,694;2301,566;163,926;25,959;210,067;215,48;1145,924;525,995
29.07.2005;1163,422;594,773;1164,204;5875,809;2324,422;173,778;27,842;221,414;241,979;1183,867;583,34
31.08.2005;1150,246;596,275;1191,124;5805,106;2485,889;176,134;27,918;221,701;234,171;1313,409;666,345
30.09.2005;1158,745;636,816;1210,397;5959,222;2731,046;184,115;29,36;242,951;262,619;1560,624;778,896
31.10.2005;1138,513;597,037;1172,73;5559,774;2697,892;189,726;26,464;218,032;247,004;1461,873;718,237
30.11.2005;1181,544;615,876;1172,643;5695,141;2812,805;200,949;28,32;239,539;276,201;1589,277;777,012
30.12.2005;1180,64;628,657;1205,642;5741,667;3052,978;209,254;29,228;262,258;302,755;1569,439;813,412
31.01.2006;1211,664;673,415;1276,991;6054,051;3206,829;208,191;33,34;282,003;327,011;1950,14;965,498
28.02.2006;1210,228;659,435;1264,279;6063,822;3178,952;202,817;34,391;288,996;316,47;1985,831;1033,917
31.03.2006;1224,079;659,98;1290,864;6123,75;3243,41;201,396;35,489;317,688;314,778;1886,228;1043,629
28.04.2006;1238,714;720,352;1365,085;6447,852;3336,864;208,882;37,179;328,728;336,139;2051,427;1164,516
31.05.2006;1199,466;678,941;1333,448;6021,791;3128,649;194,809;34,921;281,474;310,334;1716,841;1039,831
30.06.2006;1199,293;680,237;1343,103;6033,344;3092,832;176,443;35,575;286,242;305,101;1821,854;1064,957
31.07.2006;1202,076;688,441;1372,846;6137,043;3075,62;179,075;36,513;285,826;304,258;1838,903;1096,397
31.08.2006;1228,159;704,531;1396,463;6341,235;3121,392;186,235;37,304;312,29;311,798;1826,661;1144,068
29.09.2006;1257,932;691,698;1387,561;6371,778;3057,401;187,675;38,372;336,598;321,406;1790,816;1067,39
31.10.2006;1299,627;747,95;1455,772;6481,457;3110,494;192,995;40,992;358,806;320,051;1940,352;1094,062
30.11.2006;1322,19;774,751;1484,853;6832,417;3131,902;197,413;45,465;379,201;337,934;2041,842;1214,526
29.12.2006;1336,296;798,971;1521,541;7249,841;3208,285;194,373;52,063;390,636;336,677;2205,429;1250,283
31.01.2007;1359,127;800,769;1518,688;7365,685;3235,268;204,851;49,856;400,533;319,196;2220,848;1184,85
28.02.2007;1331,224;824,408;1512,037;7174,958;3364,836;206,787;48,98;365,847;332,819;2157,617;1163,933
30.03.2007;1343,991;866,082;1550,598;7265,493;3303,138;213,127;50,858;376,394;340,945;2325,915;1212,647
30.04.2007;1400,303;917,711;1615,566;7403,457;3237,74;227,424;52,634;421,796;361,396;2457,919;1192,164
31.05.2007;1446,191;928,861;1637,136;7488,085;3289,888;234,988;56,174;450,935;391,003;2742,015;1106,036
29.06.2007;1420,267;950,205;1653,848;7587,482;3280,023;232,863;62,541;453,119;402,718;2857,333;1202,42
31.07.2007;1374,905;937,221;1611,747;8115,946;3273,24;237,627;68,95;480,846;446,762;2976,583;1257,931
31.08.2007;1392,879;914,723;1587,375;8143,709;3176,579;233,942;73,955;465,169;426,899;2859,504;1210,802
28.09.2007;1443,577;1047,495;1642,141;9347,883;3233,928;250,918;88,237;543,084;458,72;3430,595;1310,13
31.10.2007;1466,404;1126,015;1737,313;10362,911;3220,776;261,193;102,852;635,154;491,264;3958,737;1444,18
30.11.2007;1401,262;1037,196;1638,644;9948,667;3161,211;253,514;88,877;622,257;444,446;3764,723;1470,128
31.12.2007;1390,914;998,799;1593,358;9966,94;3034,399;264,02;84,914;668,886;437,522;3867,159;1536,372
31.01.2008;1304,909;906,431;1450,399;8806,053;2895,583;252,605;66,606;572,912;375,25;3537,18;1288,595
29.02.2008;1261,497;928,261;1450,693;8608,13;2914,739;266,047;73,782;558,955;393,032;3957,881;1385,007
31.03.2008;1254,78;873,21;1406,757;8054,671;2772,671;249,942;64,797;487,947;375,824;3648,336;1359,487
30.04.2008;1315,438;946,735;1493,25;8663,653;2973,633;271,956;74,752;541,822;402,761;4187,386;1394,253
30.05.2008;1333,647;964,889;1478,435;8556,124;3048,02;284,42;70,614;485,793;395,346;4664,456;1612,992
30.06.2008;1222,792;903,108;1381,452;7639,051;2838,517;277,568;61,72;390,262;346,931;4292,501;1492,787
31.07.2008;1207,12;839,766;1323,149;7525,61;2741,693;257,246;63,125;415,329;341,066;3842,512;1253,628
29.08.2008;1221,056;798,673;1271,851;7102,025;2632,15;255,17;57,955;409,674;293,984;3450,248;1069,856
30.09.2008;1107,004;656,204;1080,734;5840,449;2318,864;233,916;45,849;334,037;262,697;2652,081;815,827
31.10.2008;916,078;488,458;874,024;4586,709;1975,954;191,563;35,405;238,648;194,075;1794,102;528,039
28.11.2008;845,76;448,983;811,974;4528,423;1951,662;175,779;36,937;213,186;161,148;1625,396;430,77
31.12.2008;854,353;476,41;787,715;4696,9;2108,161;182,387;40,81;233,649;193,085;1638,168;397,021
30.01.2009;783,634;413,595;738,194;4718,197;1964,832;177,469;37,421;228,713;183,798;1711,864;350,829
27.02.2009;700,713;393,691;672,55;4491,33;1720,813;190,376;36,23;204,938;150,622;1661,726;347,801
31.03.2009;759,242;460,613;694,322;4653,206;1741,889;192,163;41,349;229,821;190,248;1833,387;418,412
30.04.2009;830,83;512,359;778,828;5414,127;1909,621;199,936;45,842;274,737;230,922;2179,796;509,636
29.05.2009;874,297;561,029;881,954;6336,578;2105,28;218,641;53,229;375,381;240,257;2657,736;664,775
30.06.2009;874,74;586,818;867,079;6226,28;2141,537;221,262;55,136;366,172;237,859;2552,278;569,632
31.07.2009;939,39;646,899;946,262;7082,753;2232,436;247,547;61,102;397,763;281,977;2766,894;611,374
31.08.2009;969,811;693,195;992,503;6569,068;2319,76;242,548;56,799;392,996;285,293;2807,491;626,136
30.09.2009;1005,903;771,406;1018,502;7079,2;2265,588;242,926;59,171;435,857;319,694;3232,551;720,315
30.10.2009;985,236;771,78;1030,692;7259,645;2208,836;246,995;62,966;417,834;299,625;3310,599;752,633
30.11.2009;1041,337;791,259;1054,892;7144,72;2186,45;261,141;64,51;452,865;301,976;3580,501;770,091
31.12.2009;1061,131;804,078;1081,86;7289,788;2201,678;275,937;64,808;468,478;327,118;3624,512;795,317
29.01.2010;1022,882;747,812;1029,179;6809,736;2243,41;276,747;59,211;443,606;311,231;3226,363;814,329
26.02.2010;1052,029;768,486;1008,733;7071,283;2267,757;282,261;60,509;449,452;307,702;3368,944;771,639
31.03.2010;1113,356;827,75;1064,606;7442,688;2362,763;302,918;63,783;490,844;336,234;3606,03;848,846
30.04.2010;1130,033;823,003;1050,188;7229,885;2358,111;279,954;63,409;499,76;355,128;3557,718;842,24
31.05.2010;1036,599;682,628;931,194;6715,896;2167,315;248,551;59,295;458,967;307,697;3170,135;738,477
30.06.2010;979,885;665,827;908,158;6908,717;2122,984;244,509;59,83;476,799;310,533;3028,033;707,469
30.07.2010;1047,142;746,975;1017,006;7309,985;2197,794;242,006;62,425;479,648;333,833;3442,516;786,207
31.08.2010;998,278;718,098;991,8;7364,077;2146,94;247,673;60,702;472,212;324,794;3319,136;755,889
30.09.2010;1087,338;811,981;1078,906;8364,479;2228,123;270,772;65,87;548,52;363,302;3665,225;800,105
29.10.2010;1128,871;834,795;1119,768;8537,935;2273,638;269,677;68,431;556,635;368,845;3710,806;839,57
30.11.2010;1127,5;800,459;1061,235;8675,49;2321,04;264,132;66,796;520,144;368,982;3527,839;838,886
31.12.2010;1200,996;884,413;1137,762;8724,049;2495,834;281,959;66,312;559,416;409,853;3761,353;931,99
31.01.2011;1228,569;864,235;1159,315;8872,049;2498,831;273,754;65,966;486,236;418,83;3597,667;969,473
28.02.2011;1267,03;897,856;1204,583;8575,232;2611,905;266,619;64,774;477,392;391,206;3703,484;1030,533
31.03.2011;1266,63;912,72;1169,482;8654,241;2348,938;273,883;68,218;530,3;436,429;3835,094;1083,85
29.04.2011;1303,974;965,367;1249,184;8850,901;2357,327;265,322;69,072;524,523;464,939;3792,006;1086,365
31.05.2011;1287,009;912,448;1217,115;8833,588;2318,309;270,115;68,89;501,478;448,641;3651,227;1002,509
30.06.2011;1263,125;900,218;1178,04;8478,963;2351,165;257,234;65,78;508,26;439,981;3632,358;1007,073
29.07.2011;1237,126;880,433;1177,955;8650,388;2433,555;251,629;65,222;495,524;447,461;3473,244;1027,464
31.08.2011;1165,71;833,377;1084,637;8094,561;2235,124;219,607;59,121;433,691;387,349;3220,816;889,136
30.09.2011;1080,155;707,371;987,335;6735,562;2179,26;190,078;48,895;405,11;337,271;2626,1;694,55
31.10.2011;1197,165;827,615;1105,207;7571,507;2173,71;214,91;56,293;439,412;388,119;3119,356;827,378
30.11.2011;1190,522;765,893;1067,845;6997,748;2076,278;198,804;51,557;369,148;363,465;2894,723;824,332
30.12.2011;1199,646;753,142;1068,187;7119,434;2091,151;197,95;52,829;346,993;357,222;2826,654;736,762
31.01.2012;1254,697;819,581;1104,952;7792,896;2185,618;215,963;58,549;419,326;393,422;3250,425;845,886
29.02.2012;1306,743;835,614;1155,897;8457,692;2295,002;210,303;62,361;439,385;411,053;3424,442;927,162
30.03.2012;1346,479;809,509;1137,127;8045,324;2303,533;214,266;58,066;415,689;408,519;3195,414;873,391
30.04.2012;1336,754;825,193;1148,597;8090,769;2229,852;216,702;60,125;395,997;408,893;2973,156;845,903
31.05.2012;1251,287;712,697;1011,266;7231,281;2030,096;189,029;53,293;348,942;362,357;2532,798;664,711
29.06.2012;1298,655;761,225;1079,459;7532,39;2132,249;182,856;53,571;373,161;372,937;2557,507;725,758
31.07.2012;1314,625;817,788;1091,235;7796,408;2081,251;190,488;54,268;370,655;386,339;2593,827;744,58
31.08.2012;1341,924;811,038;1119,919;7829,512;2065,342;185,319;52,536;374,346;382,942;2597,954;751,226
28.09.2012;1373,925;828,135;1144,133;8418,077;2093,049;192,571;55,7;428,832;409,565;2668,415;791,125
31.10.2012;1347,362;849,97;1149,281;8537,3;2054,037;194,211;58,871;412,223;397,709;2629,822;764,231
30.11.2012;1352,174;852,564;1160,489;8784,608;2102,69;196,57;59,968;430,231;408,231;2548,071;760,687
31.12.2012;1361,883;876,465;1183,478;8859,542;2211,545;184,149;62,851;430,034;429,222;2727,71;807,527
31.01.2013;1432,15;924,675;1228,216;9375,635;2292,669;185,197;65,44;451,478;411,658;2804,832;858,243
28.02.2013;1447,093;954,274;1192,388;9311,913;2353,056;188,677;62,867;418,093;430,434;2730,884;810,149
29.03.2013;1499,229;944,669;1200,425;9137,544;2448,864;196,307;59,996;418,286;411,663;2691,313;781,373
30.04.2013;1527,158;988,39;1233,583;9357,529;2662,859;193,001;60,675;435,765;401,57;2713,94;760,826
31.05.2013;1555,458;862,323;1229,373;9114,788;2510,696;188,988;59,872;421,427;403,361;2514,375;725,798
28.06.2013;1532,118;805,568;1161,239;8599,673;2552,34;185,887;54,561;392,319;370,343;2196,647;694,698
31.07.2013;1610,618;828,335;1236,84;8956,922;2567,638;188,136;56,717;380,275;383,928;2162,115;718,342
30.08.2013;1562,547;834,073;1222,611;8814,479;2511,694;181,983;58,074;339,193;398,399;2109,646;713,093
30.09.2013;1611,751;889,496;1289,184;9299,538;2704,776;188,127;60,82;369,807;425,376;2365,846;785,646
31.10.2013;1681,187;938,989;1331,872;9484,698;2704,235;188,628;62,322;408,333;444,373;2501,475;817,619
29.11.2013;1725,163;890,814;1340,299;9566,404;2743,112;199,585;65,346;394,41;449,921;2330,933;774,55
31.12.2013;1768,418;873,937;1375,35;9576,806;2762,872;198,927;63,103;407,309;442,514;2218,127;786,89
31.01.2014;1706,586;826,546;1315,182;9040,141;2656,177;206,89;58,875;391,195;416,102;1979,204;707,134
28.02.2014;1782,46;883,718;1401,646;9450,81;2641,193;221,026;60,421;404,32;428,697;2042,719;690,154
31.03.2014;1792,014;914,412;1350,415;9210,432;2587,444;234,339;59,402;439,26;429,253;2261,81;673,199
30.04.2014;1800,716;931,353;1406,534;9432,977;2520,375;229,338;58,03;434,374;436,46;2321,944;629,646
30.05.2014;1839,43;934,944;1411,965;9795,547;2620,07;230,463;60,371;474,892;452,917;2274,538;706,621
30.06.2014;1875,865;931,133;1417,316;9829,917;2755,028;238,021;61,492;492,61;456,677;2390,351;739,335
31.07.2014;1847,14;957,777;1397,988;10431,914;2770,859;240,289;66,008;496,12;464,906;2430,577;658,866
29.08.2014;1917,081;960,437;1393,217;10302,976;2710,059;232,898;66,132;508,241;461,18;2692,426;648,842
30.09.2014;1884,244;846,107;1319,009;9510,393;2674,157;236,883;61,666;500,634;423,345;2170,284;611,121
31.10.2014;1927,442;890,742;1285,824;10150,358;2639,124;234,211;64,312;519,723;409,99;2171,755;597,461
28.11.2014;1974,158;828,459;1290,742;10194,046;2646,676;239,721;65,289;527,977;399,554;2067,313;532,426
31.12.2014;1964,734;807,972;1255,145;9770,616;2606,136;238,883;66,038;496,393;386,693;1832,343;404,92
30.01.2015;1907,318;793,622;1241,197;10311,066;2666,9;235,925;67,532;535,647;395,692;1711,043;401,795
27.02.2015;2013,91;848,061;1313,971;10253,753;2827,934;235,016;69,72;545,414;397,204;1749,26;493,469
31.03.2015;1981,62;822,378;1230,009;10292,686;2852,825;259,198;71,398;522,059;402,207;1548,261;480,292
30.04.2015;1997,634;831,81;1309,892;11215,593;2953,091;256,694;83,3;487,864;428,948;1800,536;563,496
29.05.2015;2019,685;803,143;1303,289;11099,963;2990,019;255,826;80,055;501,11;404,478;1585,586;528,257
30.06.2015;1978,103;764,744;1253,711;10753,545;2936,373;253,817;74,382;500,78;387,152;1642,49;512,836
31.07.2015;2015,308;763,124;1274,326;10574,327;2949,997;286,86;66,249;508,162;355,859;1440,707;472,224
31.08.2015;1888,736;669,898;1170,297;9182,442;2777,953;263,347;58,501;463,095;335,344;1232,43;445,744
30.09.2015;1835,496;637,822;1116,735;8946,158;2572,349;238,858;57,137;464,898;341,232;1083,243;425,396
30.10.2015;1984,458;674,927;1195,145;9706,253;2831,437;255,524;62,315;471,352;379,724;1136,995;451,173
30.11.2015;1986,563;674,892;1163,099;9375,328;2802,261;252,439;60,195;448,643;366,401;1100;453,745
31.12.2015;1949,703;694,315;1116,723;9446,619;2808,288;258,761;59,407;459,559;356,002;1036,234;404,732
29.01.2016;1843,877;635,107;1048,742;8567,998;2577,177;238,946;51,85;427,707;335,862;958,967;400,928
29.02.2016;1834,974;623,985;1032,811;8547,547;2505,647;232,357;50,535;395,726;327,531;1012,788;408,205
31.03.2016;1957,216;699,942;1077,022;9339,525;2602,76;231,76;56,548;446,223;373,165;1320,007;468,129
29.04.2016;1964,634;719,757;1109,834;9407,99;2723,562;237,411;56,431;448,346;371,507;1453,991;504,499
31.05.2016;1995,556;697,151;1098,903;9236,127;2695,673;225,162;55,868;456,241;354,074;1252,991;475,236
30.06.2016;1997,333;696,373;1055,859;9281,039;2625,712;221,781;55,577;460,95;368,255;1495,375;483,404
29.07.2016;2070,684;753,22;1084,471;9915,569;2795,778;234,594;57,427;486;390,789;1642,213;481,444
31.08.2016;2068,572;727,87;1077,521;9984,394;2805,549;225,605;61,651;491,024;403,224;1651,208;493,408
30.09.2016;2067,66;743,012;1087,648;10304,873;2829,039;216,475;63,042;486,306;408,73;1655,731;512,013
31.10.2016;2026,098;727,06;1029,072;10184,897;2866,415;201,588;61,815;483,348;393,809;1882,258;514,309
